Id,geacron_similarity,concept_similarity
1119,0.7703,-1
969,0.7686,-1
245,0.7694,-1
1843,-1,-1
205,0.7605,-1
1665,-1,-1
1789,0.7609,-1
932,-1,-1
326,0.7233,-1
1051,0.7655000000000001,-1
873,0.7678,-1
734,0.7686,-1
1546,-1,-1
802,0.8613,-1
1624,-1,-1
1233,0.7724,-1
275,0.7671,-1
226,0.7646,-1
831,0.7706,-1
1735,-1,-1
1952,-1,-1
1124,0.7741,-1
1893,-1,-1
1228,0.7676000000000001,-1
1655,-1,-1
1106,-1,-1
1388,-1,-1
615,-1,-1
1080,0.5304,-1
84,-1,-1
1229,0.7738,-1
1607,-1,-1
1847,-1,-1
267,0.7602,-1
1455,0.7697,-1
1625,-1,-1
237,0.7646,-1
1352,0.7626,-1
770,0.6764,-1
810,0.7628,-1
1696,-1,-1
445,-1,-1
1065,0.635,-1
397,0.7688,-1
1261,0,-1
735,0.7686,-1
87,-1,-1
591,-1,-1
1005,0.7609,-1
315,0.7696000000000001,-1
589,0.7772,-1
1935,0.7637,-1
815,0.6692,-1
660,-1,-1
225,0.7717,-1
383,0.7646999999999999,-1
1033,0.7634,-1
23,0.7646,-1
1145,-1,-1
1639,0.8818,-1
1518,0.7672,-1
134,0.6577999999999999,-1
235,0.7646,-1
1199,-1,-1
871,0.7685,-1
1225,0.7679,-1
993,0.7765,-1
1374,0.7694,-1
193,0.6795,-1
1331,0.7939,-1
651,0.762,-1
1283,0.7658,-1
1391,-1,-1
289,0.7642,-1
351,0.7626,-1
1098,0.7686,-1
654,0.8897,-1
192,0.7761,-1
3,0.5082,-1
1699,-1,-1
650,0.7755,-1
1864,-1,-1
523,0.7761,-1
1631,0.8818,-1
1316,-1,-1
1284,0.7658,-1
1606,-1,-1
1049,-1,-1
188,0.7698,-1
47,-1,-1
1262,0.7691,-1
465,0.8702,-1
1569,0,-1
568,-1,-1
463,-1,-1
178,0.7923,-1
1544,0.1704,-1
64,0.7646999999999999,-1
958,0.769,-1
1397,-1,-1
1580,0.7633,-1
923,-1,-1
644,0,-1
1649,-1,-1
540,-1,-1
626,0.6700999999999999,-1
987,0.7761,-1
772,0.6985,-1
1989,0.7657,-1
101,-1,-1
51,-1,-1
441,-1,-1
866,0.7699,-1
40,-1,-1
706,-1,-1
597,-1,-1
1793,-1,-1
1841,-1,-1
12,0.5366,-1
910,0.7662,-1
1959,0.7978000000000001,-1
1035,0.7634,-1
1475,0.8989,-1
1203,0.7693,-1
1192,0.7645,-1
170,0.8897,-1
1920,-1,-1
1073,0.7624,-1
1001,0.6691,-1
54,0.6722,-1
688,0.8949,-1
728,0.7686,-1
947,0.77,-1
1956,-1,-1
555,-1,-1
1320,0.8684000000000001,-1
1603,-1,-1
301,0.7758,-1
1514,0.7709,-1
1572,0.7202999999999999,-1
1402,0.8996999999999999,-1
1567,0.7606999999999999,-1
724,0.7686,-1
1806,-1,-1
774,0.7646999999999999,-1
1173,0.8529,-1
1755,0.8529,-1
468,0.7673,-1
141,0.769,-1
1729,-1,-1
194,0.6709,-1
384,0.7658,-1
1744,0.8529,-1
1022,0.7634,-1
1986,-1,-1
699,-1,-1
996,0.7903,-1
877,0.7928999999999999,-1
933,-1,-1
1794,-1,-1
1354,-1,-1
857,-1,-1
752,0.8691,-1
1323,-1,-1
363,0.7626,-1
372,0.7684,-1
1188,-1,-1
843,0.769,-1
556,0.7765,-1
1852,-1,-1
1363,0.7626,-1
1662,-1,-1
1257,0,-1
1525,0.48660000000000003,-1
1305,0.7689,-1
1050,0.7682,-1
447,-1,-1
1366,0.7626,-1
780,0.8642,-1
1219,0.9953,-1
1149,-1,-1
602,-1,-1
890,0.8792,-1
6,0.5082,-1
1182,0.7096,-1
575,0.6503,-1
1141,0.9772,-1
1193,0.7642,-1
1512,0.7903,-1
1522,0.48660000000000003,-1
305,0.8684000000000001,-1
1761,-1,-1
380,-1,-1
1686,-1,-1
1174,0.7608,-1
1829,-1,-1
1105,-1,-1
762,0.7692,-1
1135,0.9772,-1
1561,0.8908,-1
1936,-1,-1
765,0.7671,-1
59,0.8818,-1
1877,-1,-1
948,0.8705,-1
1948,0.7676000000000001,-1
358,0.7626,-1
1344,0.8667,-1
769,0.7676000000000001,-1
219,0.7688,-1
1285,0.769,-1
1971,-1,-1
606,0.7605,-1
151,0.7772,-1
202,0.8903,-1
1131,0.7682,-1
221,0.8738,-1
1571,0.7633,-1
1206,0.7797000000000001,-1
314,0.7686,-1
1706,-1,-1
1554,-1,-1
148,0.7856,-1
217,0.7688,-1
1312,0.8684000000000001,-1
1443,0.7648,-1
1382,0.7626,-1
425,0.7642,-1
979,0.7686,-1
1103,0.878,-1
386,0.8704000000000001,-1
1489,0.8801,-1
1581,0.7633,-1
371,0.762,-1
804,0.8738,-1
1365,0.7626,-1
1851,-1,-1
1137,0.76,-1
212,0.7903,-1
431,0.7674,-1
1198,-1,-1
605,0.7603,-1
1238,0.7724,-1
801,0.04039999999999999,-1
1947,0.7676000000000001,-1
1795,-1,-1
915,0.7672,-1
1815,-1,-1
1430,0.7724,-1
1597,-1,-1
901,0.7662,-1
707,0.7964,-1
1339,0,-1
1758,0.8529,-1
1822,-1,-1
153,0.7708,-1
786,-1,-1
135,0.7626,-1
1447,0.8897,-1
1668,-1,-1
1568,0,-1
1661,-1,-1
1585,-1,-1
1184,-1,-1
1494,0.8696,-1
1725,-1,-1
1480,0.8998,-1
1239,0.997,-1
731,0.7686,-1
354,0.762,-1
1975,-1,-1
1667,-1,-1
913,0.7671,-1
1309,0.8685,-1
71,-1,-1
282,0.7903,-1
1516,0.7847,-1
1834,-1,-1
472,-1,-1
558,0.7688,-1
1379,0.7624,-1
293,0.7755,-1
781,0.7659,-1
1524,0.48660000000000003,-1
126,-1,-1
1672,-1,-1
1423,0.768,-1
1110,0.7916,-1
537,-1,-1
1534,-1,-1
740,0.7724,-1
327,0.6604,-1
1336,0,-1
1946,0.7676000000000001,-1
1023,0.7634,-1
1835,-1,-1
254,0.769,-1
175,0,-1
836,0.769,-1
1327,-1,-1
991,0.7761,-1
870,0.7646999999999999,-1
294,0.8773,-1
435,0.7645,-1
676,-1,-1
1015,0.7634,-1
1086,0.6749,-1
366,0.7626,-1
8,0.5082,-1
973,0.7676000000000001,-1
1021,-1,-1
1118,0.7703,-1
467,-1,-1
970,0.7676000000000001,-1
918,0.7671,-1
1925,-1,-1
367,0.7626,-1
603,0,-1
976,0.7699,-1
1395,0.9986,-1
434,0.7666,-1
1088,0.7711,-1
1422,0,-1
1503,0.7903,-1
1281,0.7659,-1
428,0.7642,-1
1634,0.8818,-1
534,-1,-1
1437,-1,-1
980,0.7708,-1
1265,0.8976999999999999,-1
138,0.7543,-1
1575,0.7633,-1
353,0.7626,-1
1459,0.7726,-1
1380,0.7674,-1
1313,0.8684000000000001,-1
13,0.5366,-1
1970,-1,-1
1399,0.765,-1
1932,-1,-1
419,-1,-1
576,0.7603,-1
278,0.7641,-1
812,0.7646,-1
361,0.7626,-1
648,0,-1
1120,0.7703,-1
1645,-1,-1
390,0.7724,-1
675,0.8702,-1
1900,-1,-1
640,-1,-1
259,0.767,-1
1156,-1,-1
1368,0.8706,-1
1641,0.8818,-1
1115,0.7703,-1
1259,0.7729,-1
854,-1,-1
579,-1,-1
1679,-1,-1
989,0.7757000000000001,-1
1180,0,-1
1636,0.8818,-1
455,-1,-1
823,0.7706999999999999,-1
234,0.7649,-1
223,0.7697,-1
1756,0.8529,-1
382,0.7993,-1
1531,-1,-1
782,0.7659,-1
955,0.7697,-1
1438,0.7897000000000001,-1
1445,0.8522000000000001,-1
1326,0,-1
1620,-1,-1
1687,-1,-1
792,0.7666,-1
960,0.8903,-1
1981,-1,-1
332,-1,-1
466,-1,-1
1704,-1,-1
704,-1,-1
350,0.7626,-1
276,0.7644,-1
554,-1,-1
577,0.7694,-1
323,0.7031000000000001,-1
1158,-1,-1
368,0.7626,-1
340,0.7626,-1
1392,0.7659,-1
67,0.7693,-1
300,0.8802,-1
721,0.669,-1
1146,-1,-1
1962,-1,-1
1973,-1,-1
835,0.7699,-1
1908,-1,-1
1097,0.7686,-1
1011,-1,-1
679,-1,-1
417,-1,-1
1364,0.7626,-1
1911,-1,-1
1473,0.8896,-1
590,0.7772,-1
449,-1,-1
1865,-1,-1
1659,-1,-1
697,-1,-1
1025,0.7634,-1
1144,-1,-1
1231,0,-1
1720,-1,-1
448,-1,-1
545,-1,-1
1302,0.7691,-1
833,0.11040000000000005,-1
430,0.7787,-1
719,0.7678,-1
1129,0.7803,-1
1786,0.7609,-1
678,-1,-1
1695,-1,-1
832,0.7706,-1
1007,0.7634,-1
1505,-1,-1
934,-1,-1
715,0.7664,-1
1551,-1,-1
364,0.7626,-1
1771,-1,-1
1117,0.7703,-1
1483,0.7646,-1
852,-1,-1
1547,-1,-1
262,0.7666,-1
553,-1,-1
1157,-1,-1
462,-1,-1
1160,-1,-1
1984,-1,-1
830,0.7706,-1
352,0.7626,-1
785,-1,-1
1876,-1,-1
1910,-1,-1
624,0.6700999999999999,-1
227,0.7671,-1
1964,-1,-1
1533,-1,-1
616,-1,-1
1039,0.7634,-1
460,-1,-1
803,0.8613,-1
1294,0.7633,-1
550,-1,-1
187,0.7666,-1
620,-1,-1
1917,-1,-1
1827,-1,-1
1070,0.769,-1
1163,0.7686999999999999,-1
1734,-1,-1
1675,-1,-1
172,-1,-1
1653,-1,-1
1821,-1,-1
1559,0.8908,-1
375,0.7681,-1
1165,0.768,-1
717,0.6602,-1
533,0.7031000000000001,-1
941,0.7671,-1
1532,-1,-1
963,-1,-1
988,0.7757000000000001,-1
1978,-1,-1
209,0.7603,-1
1549,-1,-1
983,0.7708,-1
596,0.7646999999999999,-1
1104,0.878,-1
1798,-1,-1
451,-1,-1
255,0.7684,-1
1763,-1,-1
1681,-1,-1
1031,-1,-1
547,-1,-1
1079,0.7626999999999999,-1
1657,-1,-1
911,0.7662,-1
1487,0.7749,-1
821,0.774,-1
1227,0.6659999999999999,-1
253,0.8694999999999999,-1
788,0.4404,-1
658,0.7649,-1
1387,0.7645,-1
35,-1,-1
1604,-1,-1
108,-1,-1
1134,0.7605,-1
1727,-1,-1
1949,0.7676000000000001,-1
1109,0.7698,-1
1009,0.7634,-1
1898,-1,-1
1652,-1,-1
1890,-1,-1
695,-1,-1
713,0.7672,-1
159,0.7734,-1
1329,0.8922,-1
1770,-1,-1
1685,-1,-1
100,0.7746999999999999,-1
1126,0.7641,-1
41,-1,-1
897,0.7668,-1
1413,-1,-1
1068,0.7701,-1
631,-1,-1
1906,-1,-1
243,0.7666,-1
807,0.8678,-1
1084,0.773,-1
60,-1,-1
1650,-1,-1
1874,-1,-1
851,-1,-1
1375,0.7637,-1
768,0.7604,-1
1842,-1,-1
1383,0.7642,-1
228,0.7651,-1
152,0.7704,-1
378,0.762,-1
115,-1,-1
316,0.7696000000000001,-1
207,0.7602,-1
1960,-1,-1
1583,0.6933,-1
440,-1,-1
116,-1,-1
1019,0.7634,-1
1417,0.7671,-1
1425,-1,-1
796,0.7701,-1
1209,0.7686,-1
1089,0.8714999999999999,-1
1076,0.7744,-1
348,0.7626,-1
1047,0.7805,-1
1912,-1,-1
1541,-1,-1
277,0.7654,-1
1434,0.7914,-1
1922,-1,-1
878,0.7928999999999999,-1
72,-1,-1
1739,0.7649,-1
1020,0.2279,-1
632,0.7691,-1
1460,0.7726,-1
269,0.7602,-1
883,0.777,-1
1894,-1,-1
882,0.7992,-1
355,0.7626,-1
1390,-1,-1
977,0.7699,-1
708,-1,-1
46,0.8461,-1
1468,0.8693,-1
1838,-1,-1
778,0.7642,-1
975,0.895,-1
414,-1,-1
1742,0.8529,-1
1677,-1,-1
859,-1,-1
65,0.8684000000000001,-1
1839,-1,-1
567,-1,-1
1008,0.7634,-1
1862,-1,-1
408,-1,-1
1982,-1,-1
610,0.7677,-1
844,0.7704,-1
1654,-1,-1
797,0.9772,-1
1846,-1,-1
1510,0.7757000000000001,-1
1718,-1,-1
1052,0.8769,-1
346,0.762,-1
157,0.7672,-1
767,0.7666,-1
1792,-1,-1
1820,-1,-1
1648,-1,-1
250,0.7665,-1
377,0.7671,-1
753,0.8691,-1
1407,0.898,-1
1774,-1,-1
1419,0.7638,-1
964,-1,-1
641,0.7626,-1
91,-1,-1
359,0.7626,-1
929,-1,-1
1381,0.7626,-1
1919,-1,-1
424,0.7642,-1
1350,0.7626,-1
443,-1,-1
1552,-1,-1
1166,0.7691,-1
1592,-1,-1
1067,0.7662,-1
916,0.7664,-1
90,-1,-1
1702,-1,-1
279,0.7688,-1
1941,0.8686,-1
837,0.769,-1
150,0.7772,-1
1100,-1,-1
1509,0,-1
1745,0.8529,-1
1933,-1,-1
105,-1,-1
607,0.7605,-1
887,0.8792,-1
1378,0,-1
1660,-1,-1
395,0.8691,-1
1831,-1,-1
1830,-1,-1
83,-1,-1
1623,-1,-1
1537,-1,-1
1266,0.778,-1
415,0.7645,-1
92,0.7686,-1
1787,0.7609,-1
1708,-1,-1
76,0.7923,-1
429,0.7677,-1
200,0.8993,-1
1961,-1,-1
427,0.7642,-1
1587,-1,-1
744,0.7688,-1
404,0.8702,-1
846,0.7633,-1
328,0.7654,-1
1300,0.769,-1
1769,-1,-1
1004,0.7609,-1
799,0.34130000000000005,-1
1125,0.7803,-1
1171,-1,-1
749,0.7688,-1
1700,-1,-1
629,-1,-1
1879,-1,-1
705,0.769,-1
903,0.7662,-1
1940,0.7653,-1
1507,-1,-1
1178,0.87,-1
1630,-1,-1
119,-1,-1
1446,0.8996999999999999,-1
1719,-1,-1
261,0.7645,-1
1983,-1,-1
931,-1,-1
1014,-1,-1
1767,-1,-1
1752,0.8529,-1
285,0.7618,-1
1414,0.7666,-1
1850,-1,-1
155,0.7724,-1
450,-1,-1
1258,0.7599,-1
1867,-1,-1
1013,-1,-1
1921,-1,-1
311,0.7755,-1
1121,0.7757000000000001,-1
27,0.7626,-1
754,0.6766,-1
1991,0.6578999999999999,-1
347,0.7626,-1
912,0.7658,-1
673,-1,-1
926,-1,-1
1582,0.7633,-1
393,0.769,-1
1783,0.7609,-1
1175,0.7615000000000001,-1
1044,0.7634,-1
521,0.6737,-1
1717,-1,-1
133,-1,-1
1779,-1,-1
1832,-1,-1
1629,0.7698,-1
723,0.7693,-1
875,0.8705,-1
1482,0.7797000000000001,-1
52,0.7646999999999999,-1
981,0.7708,-1
1330,0.7653,-1
103,-1,-1
1324,0.772,-1
858,-1,-1
865,-1,-1
588,-1,-1
612,0.762,-1
1053,0.8769,-1
1230,0,-1
230,0.7658,-1
1138,0.9772,-1
985,0.7761,-1
1938,0.7653,-1
819,0.7923,-1
1716,-1,-1
1918,-1,-1
53,-1,-1
1045,0.8702,-1
248,0.762,-1
1267,0.778,-1
1433,0.7696000000000001,-1
256,0.7677,-1
247,0.7646,-1
77,-1,-1
1965,-1,-1
906,0.7659,-1
1348,0.7625,-1
777,0.7642,-1
1148,-1,-1
1463,0.7726,-1
1856,-1,-1
1584,0,-1
1221,0.7277,-1
1398,0,-1
1666,-1,-1
1640,0.8818,-1
1012,-1,-1
1306,0.7689,-1
165,-1,-1
891,0.7928999999999999,-1
1529,-1,-1
1611,-1,-1
841,0.8974,-1
1663,0.7646,-1
260,0.767,-1
1950,-1,-1
1465,-1,-1
284,0.7618,-1
233,0.7646,-1
57,0.8702,-1
1102,0.8713,-1
1732,-1,-1
613,0.7681,-1
334,0.8862,-1
1926,-1,-1
1340,0,-1
1844,-1,-1
1143,-1,-1
132,-1,-1
1274,0.7704,-1
369,0.7626,-1
391,-1,-1
11,0.5366,-1
70,0.8897,-1
61,0.7765,-1
1055,0.7609,-1
1899,-1,-1
1504,-1,-1
147,0.7765,-1
1690,-1,-1
1564,0.7692,-1
1038,0.7634,-1
818,0.6735,-1
680,-1,-1
1743,0.8529,-1
1078,0.7744,-1
720,0.769,-1
5,0.5082,-1
1116,0.7703,-1
1187,0.7233,-1
1155,-1,-1
146,0.7722,-1
421,0.7642,-1
1091,0.7711,-1
402,-1,-1
206,0.7605,-1
1376,0.8814,-1
814,0.7703,-1
1307,0.7673,-1
1591,-1,-1
199,0.7666,-1
920,0.7674,-1
263,0.7646,-1
1781,-1,-1
21,0.7765,-1
1523,0.5082,-1
1042,0.7634,-1
288,0.7645,-1
1389,-1,-1
1967,0.896,-1
928,-1,-1
811,0.7628,-1
1747,0.8529,-1
1596,-1,-1
1470,0.7693,-1
166,0.7699,-1
683,-1,-1
536,-1,-1
1730,-1,-1
1472,0.5597,-1
136,0.7705,-1
387,0,-1
1415,0.8883,-1
1520,-1,-1
1775,-1,-1
1897,-1,-1
26,0.8684000000000001,-1
718,-1,-1
1598,-1,-1
1651,-1,-1
1644,-1,-1
1814,-1,-1
1424,0,-1
1942,0.8639,-1
1979,-1,-1
872,0.7678,-1
30,0.7646,-1
121,-1,-1
457,-1,-1
1519,0.7727999999999999,-1
1613,-1,-1
290,0.7595000000000001,-1
972,0.7676000000000001,-1
1190,0.7698,-1
273,0.7602,-1
195,0.7805,-1
1282,0.7658,-1
924,-1,-1
183,-1,-1
953,0.8702,-1
1018,0.7634,-1
401,0.7673,-1
43,-1,-1
1951,0.38139999999999996,-1
1029,0.7634,-1
1436,0.7977,-1
1220,0.7175,-1
1535,-1,-1
1872,-1,-1
96,-1,-1
1371,0.7903,-1
1450,0.7726,-1
39,0.7688,-1
1298,-1,-1
1778,-1,-1
1538,-1,-1
181,0.7698,-1
998,-1,-1
1526,0.48660000000000003,-1
1627,0.7696000000000001,-1
1341,0.8633,-1
1610,-1,-1
1210,0.8702,-1
215,0.7669,-1
1314,0.8684000000000001,-1
232,0.7646,-1
1542,-1,-1
1602,-1,-1
1619,-1,-1
182,0.512,-1
1271,0.7792,-1
37,0.7593,-1
1861,-1,-1
458,-1,-1
1140,0.8903,-1
1927,-1,-1
58,0.7864,-1
850,0.769,-1
954,0.8702,-1
251,0.8665,-1
583,0.7699,-1
360,0.7626,-1
302,0.7714,-1
252,0.8668,-1
1061,0.7623,-1
1680,-1,-1
1599,-1,-1
1796,-1,-1
849,0.7699,-1
1208,0.7758,-1
1370,0.8903,-1
1594,-1,-1
674,-1,-1
216,0.7688,-1
700,-1,-1
1741,0.8529,-1
222,0.767,-1
1870,-1,-1
1817,-1,-1
1694,-1,-1
444,-1,-1
593,0.7993,-1
1985,-1,-1
1576,0.7633,-1
179,0.7672,-1
50,0.7701,-1
1688,-1,-1
1498,0,-1
1750,0.8529,-1
99,-1,-1
1671,-1,-1
28,0.7618,-1
1736,0.7726,-1
968,0.8667,-1
1002,0,-1
74,-1,-1
1476,0.8983,-1
1222,0.7666,-1
203,0.8702,-1
407,-1,-1
1272,-1,-1
201,0.7688,-1
1605,-1,-1
1069,0.7688,-1
687,0.8949,-1
412,0.7761,-1
619,-1,-1
623,0.762,-1
1462,0.7726,-1
1151,-1,-1
1939,0.7653,-1
1809,-1,-1
943,0.8646,-1
162,0.7646,-1
600,-1,-1
1907,-1,-1
174,0.8978,-1
942,0.895,-1
1826,-1,-1
922,-1,-1
1698,-1,-1
381,-1,-1
461,-1,-1
1801,-1,-1
795,0.7672,-1
1197,0.7642,-1
1153,-1,-1
1362,0.7626,-1
1410,0.7702,-1
1429,0.7951,-1
1186,0.8785000000000001,-1
1760,0.8529,-1
1808,-1,-1
231,0.7676000000000001,-1
1527,0.48660000000000003,-1
180,0.8903,-1
307,0.6543,-1
864,0.7646,-1
94,0.6799,-1
1240,0.8674999999999999,-1
696,-1,-1
295,-1,-1
286,0.7618,-1
349,0.7626,-1
1189,0.7698,-1
1211,0.8702,-1
492,-1,-1
549,-1,-1
308,-1,-1
1764,-1,-1
1854,-1,-1
1573,0.7633,-1
68,-1,-1
1886,-1,-1
265,0.767,-1
759,0.7697,-1
614,-1,-1
1224,-1,-1
1577,0.7633,-1
318,0.7684,-1
1609,-1,-1
739,0.7688,-1
214,0.7688,-1
1511,0.6982999999999999,-1
1868,-1,-1
1875,-1,-1
97,0.7734,-1
1113,0.7703,-1
437,-1,-1
337,0.8951,-1
1200,0.7591,-1
1214,0.8976999999999999,-1
938,-1,-1
824,0.769,-1
899,0.7663,-1
1355,-1,-1
1902,-1,-1
1213,-1,-1
312,0.7686,-1
879,0.895,-1
1721,-1,-1
900,0.7662,-1
268,0.7602,-1
1545,-1,-1
919,0.7662,-1
1177,0.7692,-1
1279,0.7706,-1
95,0.6615,-1
22,0.7691,-1
638,0.767,-1
965,0.8667,-1
1095,0.7686,-1
1837,-1,-1
1130,0.7578,-1
224,0.7672,-1
1083,0.6698999999999999,-1
297,0.7783,-1
1441,0.7412000000000001,-1
690,0.8949,-1
1072,0.7624,-1
154,0.7696000000000001,-1
712,0.7675,-1
939,-1,-1
211,0.7903,-1
1705,-1,-1
1359,0.7626,-1
966,0.8667,-1
204,0.769,-1
582,0.898,-1
1635,0.8818,-1
1990,0.6578999999999999,-1
1159,-1,-1
1332,0.77,-1
113,-1,-1
411,0.7964,-1
1467,0.8693,-1
1263,0.6706,-1
1453,0.89,-1
1930,-1,-1
1791,0.7495,-1
1863,-1,-1
806,0.8678,-1
750,0.7688,-1
862,0.7699,-1
1799,-1,-1
124,0,-1
379,0.762,-1
149,0.7718,-1
120,-1,-1
1342,0.8633,-1
1319,0.7666,-1
145,0.8529,-1
1396,-1,-1
2,0.5082,-1
528,0.5082,-1
1632,0.8818,-1
1963,-1,-1
580,-1,-1
1030,0.7634,-1
1062,0.7623,-1
936,-1,-1
257,0.7684,-1
585,0.769,-1
442,-1,-1
682,-1,-1
1167,0.7674,-1
1010,0.7634,-1
1728,-1,-1
1885,-1,-1
44,0.8964,-1
1416,0.7666,-1
1245,0,-1
1588,-1,-1
1540,-1,-1
834,0.7699,-1
1676,-1,-1
544,0.7784,-1
1241,0.9774,-1
335,0.7633,-1
1255,0.8903,-1
1707,-1,-1
921,0.7673,-1
283,0.7629,-1
292,0.7693,-1
186,0.7672,-1
745,0.7688,-1
36,-1,-1
1325,0.772,-1
1824,-1,-1
1357,0.7626,-1
1777,-1,-1
1953,-1,-1
1235,0.6698,-1
433,0.7622,-1
1723,-1,-1
385,-1,-1
531,0.48660000000000003,-1
548,-1,-1
42,-1,-1
779,0.7642,-1
1367,0.3304,-1
1179,0,-1
310,0.635,-1
388,-1,-1
1293,0.7633,-1
925,-1,-1
1642,0.8818,-1
239,0.7672,-1
1287,0.7633,-1
1530,0.7722,-1
956,0.7697,-1
127,0.6594,-1
1550,-1,-1
653,0.7739,-1
1790,0.7997,-1
1123,0.7757000000000001,-1
241,0.7626,-1
128,-1,-1
229,0.7646,-1
1996,0.7829,-1
946,0.7646,-1
813,0.878,-1
1889,-1,-1
1164,0.7623,-1
710,-1,-1
25,0.8684000000000001,-1
1215,0.8877,-1
1269,0.778,-1
1058,0.7835,-1
1303,0.7689,-1
1337,0,-1
1954,-1,-1
1715,-1,-1
652,0.7686,-1
1797,-1,-1
1977,-1,-1
1477,0.8998,-1
1427,0.779,-1
1807,-1,-1
1315,0.8684000000000001,-1
766,0.7671,-1
1622,-1,-1
741,0.7688,-1
453,-1,-1
1092,0.7699,-1
1855,-1,-1
1304,0.7689,-1
845,0.77,-1
949,0.8903,-1
1353,0.7625,-1
1212,0.7424999999999999,-1
1464,0.7726,-1
1517,0.7663,-1
1871,-1,-1
1784,-1,-1
143,0.766,-1
176,0,-1
1928,0.7666,-1
1944,0.8603000000000001,-1
902,0.7662,-1
1578,0.7633,-1
438,0.7657,-1
1170,0,-1
88,-1,-1
1812,-1,-1
1869,-1,-1
1048,0.7478,-1
1811,-1,-1
1296,0.7633,-1
730,0.7686,-1
1643,0.8818,-1
1291,0.7633,-1
703,0.7618,-1
1093,0.8723,-1
914,0.7671,-1
1818,-1,-1
886,0.7772,-1
1556,-1,-1
867,0.7599,-1
1237,0.794,-1
130,0.7899,-1
296,0.7712,-1
218,0.7688,-1
62,0.7688,-1
171,0.8903,-1
86,-1,-1
1094,0.8723,-1
839,0.769,-1
1805,-1,-1
242,0.7666,-1
609,0.7677,-1
185,0.7646,-1
1722,-1,-1
787,-1,-1
1286,-1,-1
373,0.7865,-1
1937,0.7689,-1
760,0.8694999999999999,-1
1682,-1,-1
791,0.7666,-1
894,0.6143000000000001,-1
595,-1,-1
1858,-1,-1
1731,-1,-1
1346,0.7698,-1
905,0.7659,-1
1074,0.6639999999999999,-1
1403,0.7637,-1
104,-1,-1
1905,-1,-1
1766,-1,-1
776,0.7642,-1
1849,-1,-1
1412,-1,-1
1150,-1,-1
357,0.7626,-1
122,0.8944,-1
1488,0.7749,-1
1593,-1,-1
1724,-1,-1
1017,0.7634,-1
895,0.7693,-1
935,-1,-1
75,-1,-1
1369,0.6883,-1
1914,-1,-1
783,0.7659,-1
1099,0.7686,-1
1185,-1,-1
1647,-1,-1
459,-1,-1
892,0.7545,-1
1043,0.7634,-1
789,0.7666,-1
689,0.8949,-1
822,0.7602,-1
1356,0.7626,-1
691,-1,-1
309,0.635,-1
1478,0.8943,-1
1063,0.7623,-1
78,0.8862,-1
997,0.6709,-1
1768,-1,-1
1275,0,-1
1280,0.7663,-1
244,0.7672,-1
1251,-1,-1
698,-1,-1
539,-1,-1
464,0.8994,-1
569,0.7815,-1
1495,0.8982,-1
1853,-1,-1
1479,0.6614,-1
213,0.7737,-1
1873,-1,-1
1887,-1,-1
1242,-1,-1
1762,-1,-1
888,0.898,-1
743,0.7688,-1
1737,-1,-1
264,0.7685,-1
374,0.7666,-1
112,-1,-1
338,0.7679,-1
1345,0.7625,-1
1601,-1,-1
716,0.8692,-1
1683,-1,-1
1969,-1,-1
436,0.7685,-1
405,-1,-1
399,-1,-1
635,-1,-1
1772,-1,-1
1250,0.7624,-1
1334,0.6705,-1
1081,0.6799,-1
999,-1,-1
732,0.7686,-1
1500,0.7903,-1
930,-1,-1
639,-1,-1
1558,-1,-1
880,0.7973,-1
1785,0.7609,-1
1420,0.7638,-1
630,-1,-1
951,0.7646,-1
456,-1,-1
1169,0.7621,-1
416,-1,-1
1386,0.7645,-1
1003,0.7697,-1
853,-1,-1
161,0.7671,-1
1139,0.895,-1
1056,0.7835,-1
266,0.7602,-1
167,0.7903,-1
1691,-1,-1
1474,0.8983,-1
1223,0,-1
1268,-1,-1
751,0.8691,-1
1176,0.7602,-1
1122,0.7757000000000001,-1
681,-1,-1
1595,-1,-1
608,0.7677,-1
1904,-1,-1
1373,0.7903,-1
1931,-1,-1
1543,-1,-1
1618,-1,-1
336,0.8963,-1
642,0,-1
917,0.7659,-1
1411,0.8822,-1
827,0.769,-1
694,-1,-1
1836,-1,-1
552,-1,-1
1343,0.7625,-1
1111,0.7916,-1
345,0.7626,-1
1205,0.8908,-1
413,-1,-1
1891,-1,-1
1882,-1,-1
1028,0.7634,-1
1992,0.6578999999999999,-1
1548,-1,-1
1034,0.7634,-1
570,0.791,-1
1,0.5082,-1
764,0.7609,-1
1674,-1,-1
1892,-1,-1
889,-1,-1
861,0.769,-1
863,0.8714999999999999,-1
1909,-1,-1
426,0.7642,-1
628,-1,-1
1400,-1,-1
156,0.7676000000000001,-1
1678,-1,-1
107,-1,-1
598,0.7646999999999999,-1
808,0.7606999999999999,-1
927,-1,-1
1252,0.7872,-1
1828,-1,-1
1107,-1,-1
89,-1,-1
45,-1,-1
365,0.7626,-1
1041,0.7634,-1
1664,-1,-1
1703,-1,-1
1562,0.8908,-1
1161,-1,-1
139,0.8976999999999999,-1
454,0.8728,-1
587,-1,-1
736,0.7686,-1
1916,-1,-1
529,-1,-1
1181,0.8718,-1
376,0.7618,-1
1600,-1,-1
798,0.89,-1
1972,0.7706999999999999,-1
1840,-1,-1
163,0.7688,-1
1191,0.7642,-1
572,-1,-1
909,0.7662,-1
1614,-1,-1
1101,0,-1
18,0.762,-1
1987,-1,-1
848,0.7699,-1
1087,0.7699,-1
1819,-1,-1
1496,0,-1
645,0,-1
1684,-1,-1
757,0.7726,-1
622,0.762,-1
1499,0.8903,-1
1565,-1,-1
1421,-1,-1
733,0.7686,-1
1895,0.7031000000000001,-1
907,0.7658,-1
370,0.7659,-1
1273,0.7903,-1
1513,0.7686,-1
281,0.7642,-1
98,0,-1
709,-1,-1
489,0.8872,-1
1236,0.7709,-1
398,-1,-1
1432,0.7792,-1
1358,0.6626000000000001,-1
38,0.7664,-1
69,0.767,-1
198,0.8705,-1
1401,-1,-1
1218,0.9997,-1
1759,0.8529,-1
1669,-1,-1
34,0.35340000000000005,-1
420,0.7642,-1
1301,0.7686,-1
1037,0.7634,-1
711,0.7675,-1
1780,-1,-1
1133,0.7606999999999999,-1
1394,0.7903,-1
1528,0.5082,-1
565,-1,-1
410,-1,-1
330,0.7653,-1
1508,0.7683,-1
945,0.7898000000000001,-1
1637,0.8818,-1
573,-1,-1
1054,0.8769,-1
1234,0.769,-1
1955,-1,-1
1701,-1,-1
885,0.7792,-1
1626,0.7683,-1
1740,0.7649,-1
313,0.7686,-1
994,0.878,-1
1466,-1,-1
439,0.7612,-1
995,0.878,-1
1656,-1,-1
1753,0.8529,-1
1958,0.7978000000000001,-1
775,0.7642,-1
49,0.7379,-1
604,-1,-1
82,-1,-1
1372,0.7692,-1
1142,-1,-1
1757,0.8529,-1
144,0.8097,-1
1803,-1,-1
756,-1,-1
1670,-1,-1
828,0.7696000000000001,-1
1883,-1,-1
1405,-1,-1
1308,0.8685,-1
746,0.7771,-1
874,0.9772,-1
1693,-1,-1
274,0.7602,-1
322,0.659,-1
158,0.7695,-1
1945,0.8603000000000001,-1
1501,0.8903,-1
793,-1,-1
196,0.7831,-1
908,0.7663,-1
1966,-1,-1
1903,-1,-1
840,0.7696000000000001,-1
1493,0.7792,-1
1071,0.5778,-1
940,0.7693,-1
1059,0.7835,-1
418,-1,-1
1201,0.7675,-1
961,0.7664,-1
1384,0.7651,-1
984,0.7928999999999999,-1
270,0.8628,-1
1032,0.7634,-1
962,0.8885,-1
1988,-1,-1
1765,-1,-1
24,0.8684000000000001,-1
1502,0.8903,-1
446,-1,-1
1183,0.9953,-1
530,0.5366,-1
291,0.7651,-1
599,0.7679,-1
66,0.7689,-1
1754,0.8529,-1
1060,0.7623,-1
1195,0.7642,-1
56,0.7937,-1
1574,0.7633,-1
1800,-1,-1
114,-1,-1
1888,-1,-1
773,0.8642,-1
727,0.7703,-1
1515,0,-1
1347,0,-1
1328,0.7685,-1
541,-1,-1
726,0.7686,-1
974,-1,-1
1027,0.7634,-1
191,0.7666,-1
319,0.7688,-1
1114,0.7703,-1
343,0.7626,-1
809,0.7606999999999999,-1
1393,0.8903,-1
80,-1,-1
1884,-1,-1
1638,0.8818,-1
1260,-1,-1
1096,0.7686,-1
1825,-1,-1
1152,-1,-1
1128,0.7803,-1
722,0.7693,-1
1612,0.7641,-1
829,0.7698,-1
164,0,-1
1322,0.7684,-1
220,0.8688,-1
725,0.7686,-1
1333,0.7899,-1
1484,0.7642,-1
1943,0.8674,-1
177,0.7752,-1
1246,0,-1
967,0.8667,-1
896,0.7693,-1
1539,-1,-1
32,0.7031000000000001,-1
1112,0.7703,-1
1321,0.8684000000000001,-1
855,-1,-1
1492,0,-1
129,-1,-1
592,-1,-1
1132,0.6303000000000001,-1
493,-1,-1
959,0.769,-1
4,0.5082,-1
1444,0.7951,-1
1270,-1,-1
1066,0.7921,-1
1085,0.6749,-1
1673,-1,-1
677,0.8702,-1
1082,0.6649,-1
1351,0.7626,-1
189,0.7761,-1
1692,-1,-1
761,0.7618,-1
1810,-1,-1
1733,-1,-1
986,0.7761,-1
1361,0.6626000000000001,-1
1555,0.7646999999999999,-1
1773,-1,-1
1168,0.7637,-1
1452,-1,-1
684,-1,-1
197,0.7688,-1
1804,-1,-1
1172,0.7608,-1
173,0.8806,-1
1435,0.779,-1
287,0.7642,-1
1075,0.7744,-1
659,0.7626,-1
1878,-1,-1
634,-1,-1
403,-1,-1
838,0.769,-1
1859,-1,-1
14,0.5366,-1
1449,0.8529,-1
1040,0.7634,-1
1264,0.7812,-1
79,-1,-1
884,0.7861,-1
210,0.06040000000000001,-1
73,-1,-1
881,0.8714,-1
1628,0.7696000000000001,-1
306,0.766,-1
1147,-1,-1
299,0.8748,-1
1317,-1,-1
1154,-1,-1
1845,-1,-1
1127,0.7803,-1
1616,-1,-1
1077,0.7744,-1
396,-1,-1
737,0.7686,-1
17,0.762,-1
856,-1,-1
1292,0.7633,-1
594,-1,-1
655,-1,-1
1563,0.7633,-1
1377,0,-1
1621,0.7696000000000001,-1
184,0.7649,-1
400,-1,-1
1536,-1,-1
563,0.7669,-1
971,0.7676000000000001,-1
1782,-1,-1
1913,-1,-1
1036,0.7634,-1
190,0.8646,-1
1290,0.7633,-1
1335,0.7482,-1
559,-1,-1
1226,-1,-1
341,0.7626,-1
123,-1,-1
618,-1,-1
957,0.7757000000000001,-1
392,-1,-1
1318,-1,-1
611,0.762,-1
868,0.7595000000000001,-1
656,-1,-1
137,0.7031000000000001,-1
1689,-1,-1
847,0.7633,-1
1802,-1,-1
362,0.7626,-1
937,-1,-1
794,-1,-1
763,0.767,-1
1848,-1,-1
1490,0.7746,-1
85,-1,-1
271,0.8628,-1
1974,0.7644,-1
1016,0.7634,-1
1385,0.8631,-1
1957,0.7848999999999999,-1
1901,-1,-1
1360,0.6626000000000001,-1
1560,0.8908,-1
982,0.7708,-1
1064,0.7623,-1
1297,-1,-1
1633,0.8818,-1
1057,0.7835,-1
168,0.7646,-1
551,-1,-1
702,-1,-1
1726,-1,-1
1349,0.7626,-1
325,0.8702,-1
298,0.7801,-1
1788,0.7609,-1
898,0.7662,-1
1418,0.7638,-1
333,0.8998,-1
1471,0.7665,-1
950,0.7646,-1
646,0,-1
1288,0.7633,-1
208,0.7605,-1
876,0,-1
1697,-1,-1
1404,-1,-1
389,-1,-1
1746,0.8529,-1
339,0.7626,-1
1006,0.7609,-1
1751,0.8529,-1
1442,0.7412000000000001,-1
1586,-1,-1
1202,0.7704,-1
1923,-1,-1
661,0.7626,-1
1738,0.7649,-1
160,0.7693,-1
394,-1,-1
1915,-1,-1
406,-1,-1
55,0.7903,-1
238,0.7659,-1
1090,0.7699,-1
1579,0.7633,-1
303,0.8721,-1
1276,0.8818,-1
317,0.7696000000000001,-1
33,-1,-1
1406,0,-1
452,-1,-1
140,0.7699,-1
574,-1,-1
240,0.7672,-1
1589,-1,-1
329,0.7673,-1
1816,-1,-1
1232,0.7726999999999999,-1
1776,0.6722,-1
125,-1,-1
1570,0.7633,-1
816,0.6735,-1
685,-1,-1
564,0.7903,-1
542,-1,-1
990,0.7757000000000001,-1
784,-1,-1
10,0.23570000000000002,-1
1880,-1,-1
1833,-1,-1
805,0.8678,-1
1046,0.8702,-1
1278,0.7626,-1
9,0.5082,-1
280,0.6700999999999999,-1
1968,-1,-1
817,0.6735,-1
1439,0.7686,-1
1813,-1,-1
701,-1,-1
617,-1,-1
344,0.7626,-1
1454,0.7578,-1
1748,0.8529,-1
118,-1,-1
1024,0.7634,-1
1254,0.6597,-1
1566,0.7603,-1
738,0.7686,-1
81,0.6685,-1
258,0.8685,-1
1426,0.7776000000000001,-1
952,0.8903,-1
331,0.6689,-1
1896,-1,-1
729,0.7686,-1
422,0.7642,-1
1136,0.76,-1
1194,0.7642,-1
748,0.7688,-1
342,0.7626,-1
1749,0.8529,-1
102,-1,-1
1976,-1,-1
1451,0.7726,-1
538,-1,-1
561,0.6579999999999999,-1
586,0.769,-1
432,0.7674,-1
1026,0.7634,-1
1557,0.8949,-1
1295,0.7633,-1
19,0.7765,-1
1338,0,-1
1506,-1,-1
1521,0.48660000000000003,-1
1658,-1,-1
1481,0.7653,-1
1881,-1,-1
1553,0.8989,-1
423,0.7642,-1
842,0.769,-1
1857,-1,-1
1823,-1,-1
169,0.8721,-1
686,0.8949,-1
249,0.7665,-1
1448,0.8529,-1
800,0.6065,-1
1590,-1,-1
1431,0.6936,-1
1310,0.8684000000000001,-1
1311,0.8684000000000001,-1
584,-1,-1
1000,0.6698,-1
1461,0.7726,-1
1289,0.7633,-1
820,0.7923,-1
1934,0.7637,-1
992,0.7765,-1
1108,0.769,-1
1608,-1,-1
1646,-1,-1
1929,0.7657,-1
663,-1,-1
142,0.762,-1
